accel_x,accel_y,accel_z,gyro_x,gyro_y,gyro_z
0.08,1.03,0.34,-8.62,-0.49,-2.03
0.09,1.01,0.34,-9.3,-1.11,-1.67
0.09,1.01,0.34,-9.33,-1.04,-1.34
0.09,1.01,0.34,-9.57,-1.16,-1.03
0.09,1.01,0.34,-9.47,-0.79,-0.65
0.09,1.0,0.34,-8.97,-0.86,-0.74
0.09,1.0,0.33,-8.38,-0.21,-0.47
0.09,1.0,0.33,-7.47,-0.25,-0.37
0.09,1.0,0.33,-6.66,0.06,-0.29
0.09,0.99,0.34,-5.72,0.39,-0.03
0.1,0.99,0.33,-4.88,1.06,-0.04
0.09,0.99,0.33,-3.88,1.61,0.08
0.1,0.99,0.34,-3.15,1.97,0.18
0.1,0.98,0.34,-2.16,2.59,0.01
0.1,0.99,0.34,-1.47,2.92,0.06
0.11,0.99,0.33,-0.75,3.42,-0.03
0.11,0.98,0.35,-0.18,3.63,-0.12
0.1,0.98,0.34,0.41,4.16,-0.37
0.1,0.98,0.34,1.02,4.31,-0.08
0.1,0.99,0.34,1.85,4.53,0.05
0.11,0.99,0.34,2.55,4.67,0.36
0.1,0.98,0.35,2.89,4.51,0.44
0.11,0.99,0.35,3.45,4.76,0.47
0.1,0.99,0.35,3.45,4.27,0.67
0.1,0.99,0.36,3.56,4.32,0.52
0.1,0.99,0.35,3.45,3.95,0.44
0.1,0.99,0.35,3.34,3.8,0.24
0.11,0.99,0.36,3.18,3.41,0.2
0.11,0.99,0.35,3.06,3.29,0.12
0.11,0.99,0.35,2.39,3.12,0.2
0.11,0.98,0.34,1.86,2.53,0.31
0.11,0.98,0.36,1.3,2.34,0.05
0.11,0.99,0.35,1.0,1.99,0.31
0.1,0.99,0.35,0.45,1.66,0.34
0.11,0.99,0.35,0.25,1.02,0.53
0.11,0.99,0.34,0.31,0.92,0.53
0.11,0.98,0.35,0.09,0.72,0.59
0.11,0.97,0.33,-0.01,0.53,0.53
0.11,0.97,0.33,-0.22,0.6,0.2
0.12,0.97,0.33,-0.24,0.45,0.03
0.11,0.97,0.34,-0.24,0.37,-0.18
0.11,0.98,0.34,-0.4,0.47,-0.16
0.11,0.98,0.33,-0.65,0.37,-0.05
0.12,0.98,0.34,-0.83,0.37,0.28
0.11,0.98,0.32,-0.76,0.17,0.5
0.12,0.98,0.33,-0.74,0.26,0.55
0.11,0.97,0.33,-0.72,0.29,0.24
0.11,0.96,0.33,-0.65,0.06,0.09
0.11,0.96,0.34,-0.19,0.16,-0.27
0.12,0.97,0.33,0.2,0.31,-0.56
0.11,0.98,0.33,0.4,0.4,-0.6
0.11,0.98,0.33,0.37,0.19,-0.31
0.11,0.98,0.34,0.41,0.21,-0.27
0.11,0.99,0.34,0.31,0.17,-0.29
0.11,0.99,0.34,-0.03,0.24,0.08
0.11,0.99,0.34,-0.15,0.08,0.33
0.11,0.98,0.33,-0.1,0.11,0.33
0.11,0.98,0.33,-0.14,-0.14,0.33
0.11,0.97,0.34,-0.17,-0.24,0.11
0.1,0.98,0.33,0.06,-0.24,0.05
0.1,0.98,0.33,0.25,-0.63,-0.15
0.11,0.97,0.33,0.08,-0.54,-0.27
0.11,0.98,0.33,0.27,-0.85,-0.58
0.1,0.97,0.33,0.31,-0.68,-0.8
0.1,0.97,0.33,0.58,-0.89,-1.04
0.11,0.97,0.33,0.99,-0.51,-1.32
0.1,0.98,0.33,0.92,-0.6,-1.63
0.1,0.98,0.33,1.08,-0.48,-1.67
0.1,0.99,0.33,0.9,0.0,-1.47
0.1,0.99,0.33,0.69,0.0,-0.79
0.11,1.0,0.32,0.58,-0.05,-0.15
0.1,1.0,0.34,0.08,0.02,0.46
0.11,1.0,0.33,-0.37,0.08,0.64
0.1,0.99,0.33,-0.66,0.0,0.98
0.1,0.99,0.34,-1.05,-0.05,1.32
0.11,0.99,0.34,-1.18,-0.02,1.31
0.1,0.99,0.33,-1.34,0.0,1.31
0.11,0.99,0.33,-1.46,-0.05,1.54
0.11,0.99,0.33,-1.15,0.03,1.53
0.11,0.99,0.33,-0.93,0.41,1.71
0.11,0.98,0.33,-0.67,0.62,1.79
0.1,0.98,0.32,-0.31,0.69,1.5
0.1,0.98,0.33,-0.13,0.86,1.47
0.11,0.97,0.33,0.25,0.84,1.08
0.11,0.98,0.32,0.6,0.66,1.14
0.11,0.98,0.32,0.93,1.0,0.7
0.11,0.97,0.32,1.24,0.91,0.71
0.1,0.98,0.33,1.48,0.76,0.28
0.1,0.97,0.34,1.76,0.46,0.12
0.1,0.98,0.32,1.36,0.18,-0.14
0.1,0.98,0.33,1.56,0.11,-0.39
0.11,0.98,0.33,1.34,-0.34,-0.53
0.1,0.98,0.33,1.16,-0.34,-0.74
0.1,0.99,0.32,1.2,-0.5,-0.71
0.11,0.98,0.33,0.76,-0.64,-0.62
0.11,0.99,0.32,0.48,-0.63,-0.53
0.11,0.99,0.32,0.15,-0.47,-0.29
0.11,1.0,0.31,-0.32,-0.09,0.07
0.11,0.99,0.31,-0.28,0.14,0.44
0.11,0.99,0.31,-0.66,0.77,0.5
0.11,0.99,0.3,-0.7,1.15,0.47
0.11,0.99,0.31,-0.48,1.58,0.59
0.12,0.98,0.32,-0.21,1.93,0.56
0.11,0.98,0.31,0.21,2.36,0.47
0.11,0.97,0.31,0.6,2.66,0.07
0.11,0.97,0.31,0.86,2.66,-0.27
0.11,0.98,0.31,0.92,2.73,-0.53
0.1,0.98,0.33,0.71,2.59,-0.87
0.11,0.97,0.33,0.76,2.5,-1.01
0.1,0.98,0.33,0.71,2.15,-1.22
0.11,0.98,0.33,1.1,1.82,-1.45
0.09,0.98,0.33,0.81,1.5,-1.49
0.09,0.99,0.33,0.9,1.7,-1.85
0.1,0.98,0.33,1.06,1.44,-2.15
0.11,0.98,0.34,1.5,1.39,-2.24
0.1,0.98,0.34,1.63,1.4,-2.47
0.1,0.98,0.33,2.18,1.21,-2.44
0.1,0.99,0.33,2.58,1.1,-2.59
0.1,0.99,0.33,2.47,0.89,-2.26
0.11,1.0,0.33,2.36,1.04,-2.24
0.1,1.0,0.34,1.63,0.55,-1.98
0.1,0.99,0.34,1.46,0.62,-1.78
0.1,0.99,0.34,1.02,0.3,-1.77
0.1,0.99,0.34,0.42,-0.2,-1.29
0.1,0.99,0.34,0.11,-0.39,-1.33
0.1,1.0,0.34,-0.12,-0.33,-1.11
0.11,1.0,0.33,-0.34,-0.45,-0.93
0.1,0.99,0.33,-0.23,-0.34,-0.78
0.11,0.99,0.33,-0.29,-0.41,-0.62
0.1,0.99,0.32,-0.03,-0.68,-0.56
0.1,0.98,0.32,-0.18,-0.57,-0.85
0.11,0.99,0.33,0.03,-0.59,-0.65
0.11,0.98,0.33,0.21,-0.51,-1.15
0.11,0.98,0.32,-0.03,-0.44,-1.13
0.11,0.99,0.32,0.33,-0.6,-1.27
0.11,0.99,0.32,0.52,-0.69,-1.19
0.1,0.99,0.32,0.76,-0.6,-1.02
0.1,0.99,0.32,0.6,-0.79,-0.95
0.1,0.99,0.32,0.68,-0.85,-1.04
0.1,0.99,0.32,0.49,-0.67,-1.06
0.1,0.99,0.32,0.33,-0.98,-1.16
0.11,0.99,0.32,0.02,-0.99,-1.02
0.1,0.99,0.31,-0.22,-1.3,-1.15
0.1,0.99,0.31,-0.51,-1.15,-1.21
0.1,0.99,0.31,-0.89,-1.08,-1.05
0.1,1.0,0.31,-1.24,-0.93,-0.97
0.1,1.0,0.31,-1.45,-0.86,-0.75
0.11,1.0,0.32,-1.89,-0.64,-0.23
0.1,1.0,0.31,-1.79,-0.65,0.0
0.1,0.99,0.32,-2.05,-0.36,0.42
0.1,0.99,0.32,-1.95,-0.44,0.57
0.1,0.99,0.31,-1.93,-0.03,0.69
0.11,0.99,0.31,-1.74,-0.11,0.47
0.1,0.98,0.32,-1.32,-0.06,0.37
0.1,0.98,0.32,-1.06,-0.44,0.12
0.1,0.98,0.32,-0.56,-0.39,-0.17
0.1,0.98,0.33,-0.5,-0.73,-0.53
0.1,0.98,0.33,-0.15,-0.98,-0.67
0.1,0.98,0.32,0.08,-1.56,-0.64
0.1,0.98,0.32,0.06,-1.56,-0.7
0.1,0.98,0.33,0.04,-1.92,-0.71
0.11,0.99,0.33,0.02,-1.98,-0.71
0.1,0.98,0.32,-0.15,-1.96,-0.86
0.1,0.98,0.33,-0.24,-1.98,-1.01
0.11,0.98,0.32,-0.24,-2.02,-1.27
0.1,0.98,0.32,-0.31,-2.08,-1.46
0.1,0.98,0.31,-0.34,-1.84,-1.56
0.1,0.98,0.32,-0.69,-1.9,-1.7
0.11,0.98,0.32,-0.89,-1.75,-1.19
0.12,0.99,0.32,-1.0,-1.32,-0.71
0.11,0.99,0.31,-1.14,-0.89,-0.47
0.11,0.99,0.32,-1.27,-0.85,0.15
0.11,0.99,0.31,-1.24,-0.82,0.18
0.11,0.99,0.31,-1.21,-0.51,0.37
0.11,0.99,0.31,-1.43,0.01,0.23
0.1,0.98,0.31,-1.49,-0.18,0.0
0.11,0.97,0.32,-1.44,-0.13,-0.28
0.11,0.97,0.32,-1.42,-0.14,-0.41
0.1,0.97,0.33,-1.09,-0.21,-0.7
0.11,0.98,0.32,-0.98,-0.43,-0.91
0.11,0.97,0.33,-0.63,-0.61,-0.93
0.1,0.97,0.32,-0.47,-0.76,-1.12
0.1,0.97,0.31,-0.53,-0.83,-1.12
0.1,0.97,0.32,-0.29,-0.82,-1.34
0.1,0.97,0.32,0.16,-0.53,-1.21
0.11,0.97,0.31,0.59,-0.52,-1.21
0.1,0.96,0.3,1.06,-0.37,-1.54
0.11,0.97,0.3,1.08,-0.15,-1.68
0.11,0.97,0.3,1.08,0.03,-1.89
0.11,0.98,0.31,0.76,0.21,-1.93
0.11,0.98,0.31,0.5,0.44,-1.65
0.1,0.98,0.32,0.18,0.67,-1.53
0.1,0.98,0.31,-0.23,0.51,-1.22
0.1,0.99,0.31,-0.4,0.74,-0.98
0.1,0.99,0.32,-0.6,0.88,-0.95
0.1,0.99,0.32,-0.99,0.76,-0.85
0.1,0.99,0.32,-1.68,0.67,-0.58
0.1,0.98,0.32,-1.88,0.95,-0.64
0.1,0.99,0.32,-2.52,1.06,-0.44
0.09,0.99,0.32,-2.42,0.52,-0.66
0.1,0.98,0.32,-2.75,0.24,-0.82
0.09,0.97,0.31,-2.52,0.29,-0.81
0.09,0.98,0.32,-2.66,0.14,-0.71
0.1,0.99,0.33,-2.32,0.17,-0.66
0.1,0.98,0.31,-2.02,0.0,-0.63
0.09,0.98,0.32,-2.23,-0.1,-0.47
0.09,0.99,0.31,-1.88,0.05,-0.65
0.09,0.98,0.32,-1.92,-0.03,-0.85
0.09,0.98,0.32,-2.15,0.21,-0.98
0.11,0.98,0.31,-2.22,0.04,-1.05
0.11,0.99,0.33,-2.71,0.3,-1.39
0.1,0.99,0.32,-3.0,0.13,-1.41
0.11,0.99,0.32,-3.22,0.12,-1.24
0.11,0.99,0.31,-3.24,0.08,-1.45
0.11,0.99,0.32,-3.08,-0.09,-1.24
0.11,0.99,0.32,-2.8,-0.11,-1.08
0.11,0.99,0.32,-2.84,-0.08,-1.24
0.11,1.0,0.32,-2.34,-0.3,-1.2
0.1,0.99,0.32,-2.24,-0.2,-1.14
0.1,0.99,0.32,-1.92,-0.27,-1.27
0.11,0.99,0.31,-1.62,-0.19,-1.26
0.1,0.99,0.32,-1.09,-0.29,-1.19
0.11,1.0,0.31,-0.85,-0.04,-0.99
0.11,0.99,0.31,-0.6,-0.09,-0.97
0.1,1.0,0.32,-0.36,0.29,-0.95
0.1,0.99,0.31,-0.45,0.49,-1.25
0.1,1.0,0.31,-0.64,0.68,-1.24
0.11,1.01,0.32,-0.98,0.97,-1.15
0.1,1.01,0.32,-1.31,0.89,-1.08
0.1,1.01,0.32,-1.56,1.05,-0.79
0.11,1.01,0.33,-1.85,0.74,-0.56
0.09,1.01,0.32,-2.21,0.39,-0.24
0.1,1.01,0.33,-2.63,0.07,-0.08
0.1,1.01,0.33,-2.74,0.11,0.44
0.1,1.01,0.34,-2.72,-0.06,0.63
0.1,1.01,0.34,-2.75,-0.35,0.79
0.09,1.0,0.34,-2.5,-0.76,0.95
0.1,1.0,0.33,-1.89,-1.16,0.62
0.09,0.99,0.34,-1.31,-1.27,0.66
0.1,0.99,0.33,-0.61,-1.58,0.45
0.1,0.99,0.33,0.01,-1.63,0.17
0.09,0.98,0.32,0.63,-1.64,0.15
0.11,0.98,0.31,1.15,-1.53,0.15
0.11,0.99,0.32,1.33,-1.49,0.34
0.1,0.99,0.31,1.83,-1.24,0.23
0.11,0.99,0.32,2.1,-1.15,0.55
0.1,0.98,0.3,2.46,-0.95,0.55
0.1,0.98,0.3,2.34,-0.98,0.53
0.11,0.98,0.31,2.26,-0.93,0.58
0.11,0.99,0.3,1.97,-0.98,0.47
0.11,0.97,0.31,1.44,-0.77,0.27
0.11,0.98,0.31,1.11,-0.51,0.5
0.11,0.99,0.3,0.85,-0.42,0.39
0.11,0.99,0.31,0.45,-0.33,0.64
0.11,0.99,0.3,0.26,-0.52,1.04
0.11,1.0,0.31,-0.18,-0.27,1.73
0.11,1.0,0.31,-0.97,-0.21,1.69
0.11,0.99,0.32,-1.57,-0.28,2.41
0.11,0.99,0.31,-2.4,-0.14,2.27
0.11,0.99,0.31,-2.9,0.11,2.23
0.11,0.97,0.32,-3.35,-0.22,2.24
0.11,0.97,0.32,-3.49,-0.43,1.93
0.1,0.97,0.33,-3.79,-1.07,1.69
0.1,0.96,0.33,-3.65,-1.61,1.19
0.11,0.96,0.32,-3.82,-1.86,0.81
0.1,0.97,0.33,-3.66,-2.02,0.52
0.11,0.96,0.32,-3.21,-2.27,0.14
0.11,0.96,0.31,-3.03,-2.55,-0.08
0.11,0.96,0.31,-2.74,-2.53,-0.34
0.11,0.96,0.31,-2.01,-2.4,-0.97
0.11,0.96,0.3,-1.56,-2.52,-1.05
0.11,0.97,0.31,-1.25,-1.96,-1.25
0.11,0.97,0.31,-0.65,-2.18,-1.45
0.11,0.97,0.31,-0.15,-1.94,-1.43
0.11,0.98,0.3,0.15,-1.39,-1.43
0.12,0.98,0.3,0.31,-1.04,-1.45
0.12,0.98,0.3,0.34,-0.53,-1.31
0.12,0.99,0.31,0.18,-0.05,-1.25
0.12,0.99,0.31,-0.21,0.5,-0.89
0.11,1.0,0.31,-0.77,1.03,-0.65
0.12,0.99,0.31,-1.16,1.56,-0.47
0.12,1.0,0.32,-1.4,1.38,-0.24
0.11,1.0,0.32,-1.69,1.24,-0.11
0.11,0.99,0.33,-1.99,1.15,-0.05
0.1,0.98,0.32,-2.07,0.68,-0.14
0.1,0.99,0.33,-2.42,0.11,-0.21
0.1,0.99,0.34,-2.41,-0.62,-0.24
0.09,0.99,0.33,-2.73,-1.34,-0.71
0.1,0.99,0.34,-3.07,-1.89,-0.79
0.09,0.99,0.33,-3.43,-2.5,-1.11
0.09,0.99,0.34,-3.52,-3.01,-1.06
0.1,0.98,0.33,-3.56,-3.51,-1.33
0.11,0.99,0.32,-3.5,-3.59,-1.2
0.1,0.98,0.33,-3.53,-3.72,-1.2
0.1,0.99,0.32,-3.03,-3.54,-1.18
0.1,0.99,0.32,-3.11,-3.41,-1.27
0.11,0.98,0.31,-2.84,-3.21,-1.47
0.11,0.98,0.31,-2.53,-2.95,-1.23
0.12,0.98,0.3,-2.2,-2.48,-1.18
0.12,0.98,0.31,-1.98,-1.92,-1.26
0.12,0.98,0.31,-1.3,-1.76,-1.05
0.11,0.98,0.3,-0.69,-1.37,-1.01
0.11,0.98,0.3,-0.1,-0.98,-1.11
0.11,0.98,0.31,0.61,-0.47,-0.97
0.11,0.99,0.3,1.08,-0.39,-1.08
0.1,0.99,0.3,1.42,-0.04,-1.27
0.1,0.99,0.3,1.47,0.11,-1.18
0.11,0.99,0.31,1.27,0.08,-1.24
0.1,0.99,0.31,1.09,0.12,-1.06
0.1,0.99,0.3,0.63,0.19,-0.95
0.1,1.0,0.32,0.28,0.24,-1.02
0.09,1.0,0.3,-0.28,0.06,-0.86
0.1,0.99,0.31,-0.79,-0.19,-0.98
0.09,0.99,0.31,-1.11,-0.53,-0.72
0.1,0.99,0.31,-1.46,-0.65,-0.48
0.1,0.99,0.3,-1.75,-0.73,-0.5
0.1,0.98,0.3,-2.11,-0.53,-0.48
0.1,0.98,0.3,-2.12,-0.34,-0.1
0.11,0.99,0.3,-2.08,-0.34,-0.3
0.1,0.98,0.3,-2.24,-0.15,-0.23
0.1,0.98,0.3,-2.05,0.01,-0.1
0.1,0.98,0.29,-1.97,0.33,-0.27
0.1,0.97,0.3,-1.73,0.4,-0.22
0.1,0.97,0.29,-1.41,0.52,-0.4
0.11,0.97,0.3,-1.27,0.76,-0.6
0.12,0.96,0.29,-0.79,0.99,-0.83
0.12,0.96,0.28,-0.4,1.34,-0.84
0.11,0.97,0.28,0.2,1.48,-1.14
0.12,0.96,0.28,0.53,1.74,-1.58
0.12,0.96,0.28,1.26,2.42,-1.92
0.11,0.95,0.27,1.95,2.47,-2.14
0.1,0.95,0.29,2.56,1.47,-3.05
0.08,0.95,0.26,3.5,2.53,-3.42
0.12,0.97,0.24,4.5,3.39,-2.98
0.15,0.99,0.26,5.2,4.69,-2.22
0.13,0.97,0.25,6.14,6.05,-2.28
0.11,0.96,0.25,7.17,6.75,-3.17
0.1,0.94,0.24,8.71,7.15,-3.6
0.1,0.95,0.23,9.82,7.68,-4.47
0.09,0.97,0.22,11.14,8.5,-4.99
0.1,0.97,0.23,12.69,8.43,-5.34
0.09,0.97,0.2,13.89,9.46,-5.89
0.09,0.98,0.19,14.77,10.31,-6.02
0.08,0.99,0.19,16.15,10.56,-6.45
0.06,0.99,0.17,18.04,10.37,-6.69
0.06,1.0,0.16,21.03,9.28,-6.73
0.04,1.01,0.14,23.47,7.76,-7.42
0.03,1.02,0.12,27.32,5.45,-7.79
0.0,1.03,0.11,31.44,2.16,-8.34
-0.01,1.03,0.07,35.88,-1.08,-8.66
-0.02,1.03,0.02,41.11,-4.58,-9.2
-0.03,1.02,-0.03,47.54,-8.22,-9.73
-0.04,1.02,-0.08,56.3,-12.65,-9.56
-0.06,1.0,-0.16,66.93,-17.6,-9.93
-0.08,0.98,-0.2,79.68,-23.66,-10.71
-0.1,0.95,-0.28,93.47,-29.05,-11.63
-0.12,0.94,-0.31,108.01,-34.67,-12.74
-0.14,0.93,-0.4,122.86,-39.39,-13.79
-0.13,0.95,-0.45,138.98,-43.82,-14.08
-0.11,0.94,-0.49,155.46,-47.77,-11.87
-0.1,0.94,-0.51,170.0,-51.73,-8.53
-0.09,0.95,-0.53,184.15,-58.16,-4.62
-0.12,0.93,-0.53,198.44,-64.81,-1.93
-0.16,0.88,-0.6,212.42,-70.03,-1.3
-0.19,0.83,-0.64,224.71,-75.12,-3.79
-0.21,0.8,-0.62,232.66,-82.08,-10.23
-0.2,0.85,-0.67,238.24,-87.04,-12.76
-0.22,0.8,-0.61,236.85,-93.14,-20.21
-0.22,0.78,-0.64,228.63,-97.5,-30.47
-0.2,0.8,-0.65,217.76,-100.76,-39.69
-0.16,0.86,-0.69,203.1,-101.82,-47.02
-0.08,0.95,-0.7,184.53,-100.64,-50.47
-0.06,1.01,-0.69,161.21,-97.95,-52.05
-0.03,1.04,-0.76,136.54,-91.28,-51.69
-0.0,1.07,-0.78,110.84,-82.5,-49.08
0.01,1.11,-0.79,85.12,-72.23,-44.4
0.04,1.12,-0.79,60.9,-62.01,-39.91
0.04,1.13,-0.78,36.47,-50.66,-34.5
0.05,1.14,-0.76,13.42,-40.13,-29.29
0.05,1.14,-0.73,-9.82,-29.04,-23.96
0.03,1.15,-0.71,-30.66,-19.41,-18.4
0.03,1.14,-0.67,-49.53,-10.16,-12.12
0.02,1.08,-0.64,-66.56,-1.83,-7.19
0.01,1.07,-0.61,-79.89,5.3,-3.4
0.0,1.05,-0.57,-90.82,10.77,-0.08
-0.01,1.03,-0.5,-101.08,14.61,3.45
-0.0,1.0,-0.43,-106.82,16.31,6.24
-0.02,0.97,-0.38,-111.96,17.05,8.24
-0.02,0.94,-0.33,-114.1,16.24,10.06
-0.05,0.89,-0.3,-113.69,13.97,12.39
-0.07,0.84,-0.3,-109.24,10.27,13.21
-0.07,0.8,-0.3,-103.09,7.91,13.3
-0.06,0.78,-0.3,-98.37,7.28,13.4
-0.02,0.78,-0.3,-88.4,6.96,14.01
-0.05,0.77,-0.28,-79.15,9.17,12.28
-0.07,0.75,-0.31,-68.47,12.56,9.72
-0.08,0.77,-0.27,-62.05,16.05,6.48
-0.08,0.77,-0.23,-58.94,19.84,2.2
-0.09,0.77,-0.2,-58.68,23.76,-2.42
-0.08,0.79,-0.18,-59.42,27.6,-6.31
-0.09,0.84,-0.17,-59.79,32.89,-8.05
-0.05,0.91,-0.13,-61.68,37.67,-6.76
-0.06,1.0,-0.03,-67.12,40.53,-4.73
-0.03,1.06,0.06,-75.57,41.42,-1.33
-0.03,1.1,0.14,-86.6,41.68,3.56
-0.02,1.12,0.19,-98.21,40.76,8.52
-0.02,1.11,0.23,-107.27,40.63,13.89
-0.01,1.11,0.23,-114.8,41.24,19.77
0.03,1.1,0.18,-118.87,44.38,26.45
0.03,1.08,0.2,-121.03,49.96,30.85
0.03,1.01,0.16,-121.81,57.94,33.64
0.04,0.93,0.15,-120.57,67.43,34.09
0.01,0.84,0.15,-116.59,78.88,31.82
0.0,0.76,0.12,-109.47,91.46,26.83
0.0,0.71,0.12,-101.91,104.14,20.63
-0.0,0.65,0.18,-92.86,117.15,11.04
-0.04,0.6,0.24,-87.95,129.44,-1.6
-0.08,0.54,0.33,-84.55,141.56,-17.55
-0.13,0.5,0.41,-80.26,151.77,-33.69
-0.18,0.5,0.48,-72.82,159.13,-49.33
-0.21,0.52,0.54,-63.64,164.32,-63.0
-0.24,0.58,0.63,-55.08,167.28,-74.73
-0.26,0.65,0.72,-49.18,169.06,-84.78
-0.27,0.73,0.81,-45.92,169.69,-91.74
-0.3,0.79,0.89,-46.18,168.58,-96.98
-0.32,0.83,0.95,-45.01,166.44,-101.26
-0.35,0.96,0.92,-36.0,161.79,-100.2
-0.31,1.01,1.34,-78.34,160.98,-98.44
-0.31,1.04,1.12,-90.69,158.63,-96.49
-0.28,1.06,0.91,-77.28,158.33,-98.24
-0.25,1.03,0.95,-69.37,164.39,-94.61
-0.27,0.96,1.02,-65.66,172.98,-94.18
-0.26,0.97,1.07,-61.68,179.69,-95.8
-0.24,1.04,1.06,-52.28,183.24,-95.63
-0.27,1.09,1.09,-42.18,186.31,-96.64
-0.28,1.13,1.18,-35.5,187.5,-95.05
-0.28,1.2,1.3,-32.21,186.25,-91.63
-0.28,1.25,1.39,-29.72,180.15,-85.25
-0.26,1.36,1.5,-28.13,168.95,-75.17
-0.26,1.43,1.55,-28.01,154.36,-63.01
-0.24,1.48,1.6,-31.08,136.74,-48.5
-0.19,1.54,1.71,-38.1,114.17,-31.05
-0.11,1.58,1.76,-53.47,92.38,-10.6
-0.04,1.56,1.65,-62.02,69.94,9.03
0.05,1.55,1.53,-63.96,51.2,27.34
0.11,1.49,1.46,-66.9,36.34,44.78
0.14,1.41,1.35,-70.13,23.79,59.97
0.19,1.34,1.23,-68.08,14.87,73.11
0.23,1.27,1.15,-65.14,7.04,84.27
0.24,1.22,1.09,-60.97,1.18,93.51
0.25,1.15,1.06,-55.89,-4.47,97.77
0.25,1.07,1.02,-50.91,-10.89,103.16
0.23,0.97,1.0,-46.41,-18.04,104.96
0.22,0.89,0.96,-42.15,-25.0,104.66
0.21,0.84,0.93,-37.66,-32.01,102.91
0.19,0.76,0.87,-34.5,-38.31,98.38
0.18,0.7,0.83,-31.98,-43.63,93.77
0.17,0.64,0.79,-30.2,-47.37,84.86
0.14,0.57,0.68,-26.56,-47.2,74.09
0.13,0.51,0.61,-22.75,-45.44,62.83
0.12,0.47,0.55,-17.73,-42.02,50.89
0.11,0.45,0.51,-12.17,-37.27,38.31
0.09,0.44,0.48,-6.09,-31.66,26.02
0.07,0.45,0.46,-0.9,-26.87,13.99
0.07,0.48,0.43,4.02,-22.1,3.07
0.06,0.53,0.44,7.06,-18.15,-6.72
0.05,0.56,0.45,9.03,-14.73,-15.3
0.04,0.6,0.46,8.36,-11.92,-22.9
0.04,0.65,0.46,7.73,-9.75,-29.21
0.03,0.69,0.44,8.05,-8.01,-33.82
0.04,0.73,0.45,7.25,-6.16,-38.14
0.04,0.76,0.43,7.4,-4.44,-41.44
0.04,0.79,0.44,7.8,-2.21,-43.36
0.03,0.82,0.44,8.54,-0.13,-44.85
0.02,0.84,0.45,9.36,2.04,-45.92
0.02,0.87,0.46,10.5,3.82,-45.8
0.0,0.91,0.48,11.73,4.6,-44.89
-0.01,0.94,0.51,12.48,4.78,-43.33
-0.01,0.97,0.54,12.24,3.92,-40.88
-0.03,0.99,0.57,11.64,2.21,-37.74
-0.03,1.01,0.58,10.79,-0.34,-33.85
-0.04,1.05,0.61,9.37,-3.41,-29.66
-0.05,1.07,0.62,7.76,-6.07,-25.41
-0.05,1.08,0.62,5.89,-9.04,-21.13
-0.05,1.09,0.62,4.71,-11.04,-16.46
-0.05,1.1,0.6,3.73,-13.13,-12.08
-0.06,1.1,0.6,2.89,-15.02,-8.23
-0.06,1.12,0.58,3.24,-17.05,-4.48
-0.07,1.08,0.56,3.37,-17.21,-2.02
-0.06,1.08,0.55,3.5,-17.43,0.63
-0.05,1.08,0.55,4.66,-17.31,3.59
-0.04,1.1,0.53,5.58,-17.4,6.66
-0.04,1.11,0.53,6.42,-17.24,9.76
-0.03,1.11,0.52,6.32,-16.88,12.84
-0.03,1.12,0.52,6.02,-16.12,16.55
-0.03,1.12,0.53,5.91,-15.66,20.62
-0.02,1.1,0.51,5.38,-15.63,24.4
-0.03,1.1,0.52,5.04,-15.24,28.46
-0.03,1.08,0.52,4.6,-15.61,32.09
-0.03,1.07,0.52,3.41,-16.08,35.08
-0.02,1.06,0.53,2.21,-16.96,37.56
-0.03,1.04,0.52,0.22,-17.94,39.53
-0.02,1.03,0.51,-1.55,-18.52,40.6
-0.0,1.01,0.49,-3.79,-18.57,41.18
0.01,1.0,0.46,-4.73,-17.82,41.56
0.02,0.99,0.46,-5.47,-16.11,41.46
0.02,0.98,0.45,-6.29,-13.92,41.14
0.02,0.97,0.44,-6.84,-11.82,40.45
0.02,0.96,0.44,-7.22,-9.64,39.54
0.03,0.95,0.45,-7.73,-7.66,39.08
0.03,0.96,0.47,-8.34,-6.16,38.29
0.04,0.96,0.48,-8.29,-5.2,37.85
0.05,0.96,0.48,-7.66,-4.36,37.28
0.04,0.95,0.51,-6.29,-3.82,37.07
0.02,0.94,0.54,-5.83,-3.0,36.05
0.0,0.94,0.55,-5.01,-2.98,35.33
0.01,0.93,0.55,-3.81,-3.85,35.25
-0.01,0.92,0.57,-2.96,-5.99,34.72
-0.03,0.91,0.59,-2.83,-9.19,33.75
-0.03,0.9,0.59,-3.54,-13.45,32.78
-0.02,0.89,0.59,-4.29,-18.82,31.69
-0.02,0.89,0.59,-5.8,-24.27,30.47
-0.01,0.87,0.56,-7.67,-28.88,28.62
0.0,0.87,0.54,-9.64,-33.09,26.21
0.02,0.86,0.51,-11.16,-35.84,23.27
0.03,0.85,0.47,-12.98,-37.96,19.67
0.05,0.84,0.44,-14.79,-38.15,15.11
0.07,0.82,0.4,-16.05,-36.73,10.35
0.09,0.82,0.36,-16.76,-33.5,5.58
0.1,0.81,0.33,-16.85,-28.37,1.11
0.1,0.81,0.32,-16.21,-22.53,-3.46
0.08,0.8,0.3,-13.53,-14.63,-8.95
0.11,0.81,0.3,-11.31,-8.37,-13.1
0.11,0.82,0.34,-9.4,-1.5,-17.27
0.1,0.83,0.34,-6.63,5.25,-20.48
0.09,0.85,0.37,-3.46,10.79,-22.21
0.07,0.88,0.4,0.11,15.08,-22.48
0.04,0.89,0.43,3.9,17.93,-22.83
0.01,0.92,0.48,7.61,18.83,-22.69
-0.02,0.93,0.49,11.23,18.4,-22.17
-0.04,0.93,0.5,15.93,15.15,-22.41
-0.05,0.97,0.58,18.52,9.73,-21.78
-0.07,0.97,0.61,19.94,3.08,-21.48
-0.08,0.96,0.62,20.05,-3.23,-21.86
-0.1,0.96,0.62,19.19,-10.62,-22.48
-0.11,0.96,0.58,19.05,-16.79,-23.05
-0.09,0.98,0.6,18.53,-23.5,-23.56
-0.09,0.99,0.58,16.69,-29.05,-23.65
-0.09,0.98,0.54,15.31,-33.34,-24.18
-0.08,0.98,0.5,13.6,-36.33,-24.66
-0.06,0.99,0.48,11.7,-38.34,-25.02
-0.05,1.0,0.44,9.5,-38.33,-25.02
-0.04,1.01,0.41,7.7,-37.72,-25.0
-0.01,1.02,0.39,5.9,-36.12,-24.89
-0.0,1.03,0.36,4.53,-34.28,-24.36
0.01,1.03,0.34,3.36,-31.69,-24.03
0.03,1.02,0.34,1.93,-28.88,-23.11
0.03,1.02,0.33,0.26,-25.04,-22.2
0.03,1.02,0.33,-1.38,-20.53,-21.65
0.03,1.02,0.33,-3.18,-15.94,-20.83
0.03,1.01,0.33,-3.47,-11.2,-19.21
0.02,1.02,0.34,-2.42,-6.99,-16.54
0.01,1.03,0.36,-0.59,-4.34,-13.83
-0.0,1.03,0.38,1.42,-2.18,-11.76
-0.01,1.04,0.42,2.4,-2.16,-8.41
-0.05,1.03,0.45,3.17,-2.53,-6.62
-0.03,1.05,0.47,3.97,-3.87,-3.06
-0.03,1.06,0.49,3.01,-6.49,0.12
-0.03,1.06,0.49,1.72,-9.44,2.66
-0.03,1.05,0.49,-0.31,-12.78,5.14
-0.03,1.05,0.49,-2.35,-16.92,7.28
-0.03,1.04,0.49,-4.88,-21.24,8.87
-0.02,1.03,0.47,-7.89,-25.47,9.64
-0.03,1.03,0.46,-10.8,-28.44,10.05
-0.03,1.01,0.43,-13.66,-30.88,9.45
-0.01,1.01,0.4,-15.52,-32.27,8.78
0.0,1.0,0.37,-16.99,-32.82,7.37
0.01,0.99,0.35,-17.34,-32.22,5.6
0.02,0.97,0.29,-16.7,-29.82,4.34
0.04,0.98,0.32,-16.27,-28.06,3.65
0.05,0.98,0.31,-15.52,-25.15,3.09
0.04,0.96,0.3,-14.75,-21.44,2.71
0.05,0.96,0.29,-13.55,-17.91,1.83
0.05,0.98,0.31,-12.71,-15.02,1.82
0.05,0.98,0.32,-12.41,-12.44,1.79
0.06,0.99,0.35,-13.02,-10.4,1.44
0.06,1.0,0.4,-14.57,-9.17,2.2
0.05,1.02,0.4,-16.37,-8.98,2.81
0.05,1.01,0.45,-17.97,-9.53,3.78
0.04,1.01,0.46,-19.56,-10.69,5.21
0.04,1.01,0.47,-20.5,-12.16,6.8
0.01,1.0,0.46,-20.63,-13.33,7.62
0.02,0.99,0.48,-20.21,-16.63,9.32
0.02,0.99,0.5,-20.24,-19.64,10.66
0.0,0.97,0.5,-19.21,-22.77,10.88
-0.01,0.95,0.49,-17.95,-26.49,10.53
-0.03,0.93,0.48,-15.92,-29.76,9.08
-0.03,0.92,0.48,-13.41,-33.21,7.8
-0.01,0.92,0.47,-10.86,-36.87,6.64
0.01,0.92,0.44,-7.89,-39.09,5.43
0.02,0.92,0.41,-4.49,-40.18,4.27
0.03,0.92,0.37,-1.64,-39.83,2.96
0.03,0.92,0.34,1.02,-38.34,1.68
0.04,0.94,0.32,3.19,-35.97,0.54
0.05,0.94,0.33,4.97,-33.36,-0.55
0.06,0.95,0.33,5.93,-30.72,-0.81
0.06,0.94,0.33,7.06,-28.21,-1.64
0.06,0.95,0.32,7.45,-26.18,-2.42
0.05,0.95,0.33,7.53,-23.91,-3.24
0.05,0.96,0.35,7.53,-22.53,-4.28
0.04,0.95,0.36,7.51,-22.15,-5.32
0.04,0.95,0.37,7.96,-22.23,-6.33
0.05,0.94,0.36,9.06,-22.69,-7.5
0.03,0.94,0.37,9.95,-24.06,-8.92
0.05,0.94,0.38,10.82,-25.03,-9.62
0.05,0.94,0.38,12.08,-26.05,-10.24
0.05,0.95,0.36,13.01,-26.73,-11.92
0.05,0.94,0.32,15.69,-27.15,-12.4
0.06,0.97,0.36,16.26,-28.31,-12.6
0.06,0.98,0.36,16.54,-28.22,-11.6
0.06,0.99,0.35,16.31,-28.56,-10.87
0.06,0.99,0.34,16.12,-28.83,-9.61
0.05,0.99,0.34,15.88,-28.69,-8.69
0.05,0.99,0.33,15.76,-28.62,-8.24
0.04,0.98,0.34,15.64,-28.27,-7.82
0.02,0.98,0.34,15.75,-28.03,-7.6
0.02,0.99,0.34,15.98,-28.15,-7.22
0.01,1.0,0.35,16.35,-28.05,-6.33
0.01,1.01,0.36,15.73,-28.42,-5.67
0.01,1.02,0.37,14.69,-28.27,-4.75
0.0,1.03,0.37,12.83,-27.84,-3.66
0.01,1.04,0.38,10.96,-27.63,-1.95
-0.0,1.05,0.38,8.73,-28.18,-0.38
-0.01,1.05,0.38,6.75,-28.84,1.55
-0.0,1.04,0.38,4.95,-30.0,3.15
-0.0,1.06,0.39,2.87,-31.58,5.19
0.01,1.07,0.39,0.39,-33.07,7.21
0.02,1.07,0.38,-2.05,-34.44,9.23
0.03,1.07,0.37,-4.25,-34.97,11.11
0.03,1.07,0.37,-5.83,-35.21,12.89
0.03,1.06,0.35,-7.66,-35.34,14.59
0.03,1.06,0.35,-8.74,-35.22,16.22
0.03,1.06,0.35,-9.8,-35.34,18.11
0.04,1.05,0.36,-11.12,-35.58,19.85
0.04,1.05,0.36,-11.9,-35.72,21.43
0.05,1.04,0.37,-13.21,-36.04,22.64
0.04,1.02,0.36,-14.14,-36.7,23.11
0.05,1.01,0.37,-14.6,-37.01,23.3
0.05,1.0,0.36,-14.63,-36.58,23.12
0.06,0.98,0.35,-13.88,-36.07,22.37
0.04,0.97,0.34,-12.52,-35.25,20.79
0.04,0.95,0.31,-10.33,-34.48,19.02
0.03,0.94,0.31,-7.75,-33.53,16.49
0.03,0.94,0.31,-4.81,-32.34,14.44
0.03,0.95,0.31,-2.16,-31.04,12.04
0.04,0.96,0.3,0.08,-29.35,9.89
0.02,0.97,0.31,1.78,-28.45,8.44
0.02,0.98,0.32,2.63,-27.6,7.21
0.02,1.0,0.32,3.05,-27.02,6.73
0.02,1.02,0.34,2.85,-27.2,6.55
0.01,1.03,0.36,1.84,-27.6,6.9
0.01,1.04,0.37,0.31,-28.74,7.6
-0.0,1.05,0.38,-2.07,-29.94,7.69
-0.0,1.07,0.42,-4.86,-30.23,8.18
0.02,1.07,0.39,-7.74,-32.06,9.2
0.02,1.09,0.42,-11.68,-34.4,10.78
0.01,1.08,0.44,-15.7,-36.44,11.63
0.0,1.06,0.43,-18.85,-38.81,11.79
0.0,1.05,0.41,-21.38,-41.66,11.68
0.0,1.04,0.39,-23.05,-43.67,11.61
0.01,1.04,0.39,-24.43,-44.95,11.74
0.01,1.03,0.37,-25.01,-45.61,11.11
0.01,1.04,0.35,-25.24,-45.33,11.29
-0.01,1.01,0.3,-24.16,-44.21,10.31
0.02,1.01,0.32,-23.07,-44.85,10.02
0.02,1.01,0.34,-22.32,-44.69,9.41
0.01,0.99,0.32,-21.26,-43.91,8.32
0.01,1.0,0.3,-19.77,-42.69,7.5
0.03,1.01,0.3,-17.9,-41.31,7.5
0.03,1.01,0.29,-16.38,-39.52,7.55
0.03,1.02,0.3,-14.76,-37.89,7.96
0.04,1.01,0.3,-13.62,-35.82,8.57
0.04,1.01,0.29,-12.73,-33.67,9.24
0.04,1.01,0.3,-11.5,-31.99,9.84
0.05,1.0,0.3,-10.6,-30.11,10.79
0.06,1.01,0.28,-9.52,-28.46,11.96
0.08,1.0,0.29,-8.22,-27.15,12.53
0.07,0.99,0.28,-7.21,-26.04,13.37
0.08,0.98,0.3,-6.15,-25.24,13.71
0.08,0.98,0.3,-4.5,-24.58,13.6
0.08,0.96,0.3,-2.96,-24.02,13.24
0.08,0.96,0.3,-1.44,-23.72,12.67
0.1,0.96,0.3,0.1,-22.63,12.18
0.1,0.96,0.3,1.41,-21.7,11.23
0.09,0.96,0.3,2.45,-20.69,10.75
0.1,0.97,0.32,3.09,-20.15,9.87
0.1,0.96,0.33,3.65,-20.11,9.97
0.11,0.96,0.31,4.47,-19.45,9.11
0.11,0.95,0.31,5.69,-19.37,8.66
0.12,0.95,0.31,6.75,-19.12,7.79
0.11,0.94,0.31,8.43,-19.07,6.44
0.11,0.94,0.32,9.95,-18.66,5.2
0.11,0.94,0.31,11.18,-17.77,3.84
0.11,0.94,0.31,11.86,-16.82,2.82
0.12,0.95,0.31,12.37,-15.99,1.96
0.12,0.94,0.3,12.56,-14.85,1.26
0.14,0.95,0.29,13.68,-13.56,0.43
0.14,0.95,0.28,14.7,-11.45,0.08
0.15,0.96,0.26,15.79,-9.45,0.48
0.16,0.97,0.25,16.97,-6.98,0.82
0.15,0.97,0.25,17.4,-4.73,1.31
0.14,0.97,0.25,17.69,-2.57,1.53
0.14,0.96,0.27,17.69,-0.69,1.08
0.14,0.96,0.27,17.77,0.71,0.54
0.14,0.95,0.27,17.67,2.23,0.24
0.15,0.95,0.28,17.36,3.15,0.08
0.14,0.95,0.3,16.64,3.19,-0.21
0.13,0.94,0.31,15.19,2.94,-0.51
0.14,0.94,0.32,13.49,1.92,-0.96
0.13,0.94,0.33,11.89,0.63,-1.56
0.12,0.94,0.34,10.13,-0.85,-1.89
0.12,0.94,0.34,8.51,-2.29,-1.78
0.12,0.94,0.35,6.41,-3.95,-2.16
0.12,0.94,0.35,4.88,-5.66,-2.45
0.11,0.95,0.35,3.3,-7.02,-2.79
0.11,0.95,0.35,2.29,-8.59,-2.85
0.1,0.95,0.34,1.84,-10.21,-3.04
0.1,0.95,0.33,1.63,-11.18,-3.14
0.1,0.96,0.33,1.41,-12.11,-3.11
0.09,0.97,0.32,1.23,-12.48,-2.82
0.09,0.98,0.32,0.79,-12.94,-2.56
0.09,0.99,0.32,0.4,-12.7,-2.11
0.09,0.99,0.32,-0.18,-12.73,-1.31
0.09,0.98,0.31,-0.23,-12.9,-0.46
0.1,0.98,0.3,-0.02,-12.69,0.11
0.11,0.97,0.29,0.18,-12.36,0.6
0.11,0.97,0.29,0.03,-12.24,1.09
0.1,0.97,0.3,-0.44,-12.13,1.18
0.09,0.97,0.3,-1.36,-12.14,0.99
0.1,0.97,0.3,-2.47,-12.47,1.29
0.1,0.97,0.29,-3.6,-13.09,1.54
0.1,0.97,0.31,-5.27,-13.95,1.95
0.09,0.97,0.3,-6.62,-15.24,2.15
0.09,0.97,0.32,-8.79,-16.89,2.28
0.09,0.96,0.34,-11.12,-18.92,2.22
0.08,0.96,0.33,-13.68,-20.87,2.66
0.07,0.96,0.35,-16.2,-22.83,2.86
0.09,0.97,0.36,-18.93,-24.89,2.83
0.09,0.95,0.32,-20.7,-27.1,3.36
0.1,0.96,0.36,-24.19,-29.95,4.1
0.11,0.96,0.37,-27.53,-31.86,4.53
0.1,0.94,0.34,-30.27,-33.67,4.54
0.11,0.93,0.33,-32.18,-35.26,4.02
0.1,0.91,0.32,-33.37,-36.34,3.21
0.1,0.91,0.31,-33.77,-36.63,2.49
0.1,0.9,0.29,-33.63,-36.05,1.1
0.1,0.9,0.25,-32.72,-33.83,-0.34
0.12,0.9,0.25,-31.74,-32.51,-0.76
0.13,0.91,0.26,-31.34,-30.53,-2.1
0.12,0.91,0.24,-30.6,-27.5,-3.47
0.11,0.91,0.24,-29.83,-24.56,-4.78
0.1,0.92,0.24,-28.57,-21.98,-5.69
0.11,0.92,0.23,-27.35,-18.86,-6.91
0.12,0.93,0.24,-26.18,-15.4,-7.99
0.11,0.94,0.25,-25.15,-11.73,-8.92
0.1,0.94,0.26,-24.02,-8.63,-9.93
0.1,0.95,0.24,-22.48,-5.71,-10.49
0.11,0.96,0.26,-20.63,-2.89,-10.34
0.09,0.98,0.27,-19.17,-0.34,-10.39
0.1,0.99,0.27,-17.5,2.01,-10.22
0.08,0.99,0.28,-15.82,4.04,-10.12
0.09,0.99,0.29,-13.59,6.34,-9.76
0.1,0.98,0.3,-10.92,7.77,-8.8
0.11,0.98,0.29,-8.48,8.96,-8.34
0.1,0.97,0.28,-5.62,10.44,-7.52
0.1,0.97,0.29,-2.89,11.38,-6.78
0.1,0.97,0.3,-0.72,11.78,-6.4
0.1,0.99,0.32,0.4,12.51,-5.47
0.1,1.0,0.34,1.17,13.67,-4.93
0.11,1.0,0.31,1.25,14.26,-3.56
0.12,1.02,0.36,-0.43,14.5,-2.37
0.13,1.02,0.35,-1.73,14.79,-0.9
0.12,1.01,0.36,-3.08,14.62,-0.11
0.11,1.0,0.35,-4.25,13.92,1.01
0.09,1.01,0.36,-5.32,13.4,1.22
0.08,0.99,0.32,-5.58,13.79,0.91
0.1,1.0,0.34,-5.89,13.12,1.6
0.11,1.01,0.37,-6.79,12.74,1.93
0.1,1.01,0.34,-6.96,12.92,2.73
0.1,1.0,0.33,-7.02,13.08,2.75
0.1,0.99,0.32,-6.23,12.95,2.98
0.09,0.99,0.31,-4.51,13.4,2.56
0.08,0.97,0.31,-2.95,13.66,2.44
0.09,0.98,0.3,-1.13,14.04,2.34
0.09,0.99,0.3,1.07,14.75,2.57
0.07,0.97,0.29,3.46,17.17,1.85
0.1,0.99,0.26,6.3,18.66,2.05
0.11,1.0,0.3,7.21,19.92,2.33
0.11,1.01,0.3,7.56,21.39,2.6
0.1,0.99,0.3,8.46,22.92,2.64
0.1,0.99,0.28,9.97,24.75,2.8
0.11,1.0,0.28,11.88,26.05,3.37
0.11,1.0,0.26,14.44,28.3,3.24
0.11,1.01,0.32,15.85,28.5,4.04
0.12,1.01,0.33,15.83,28.73,4.82
0.12,1.01,0.33,15.93,29.18,5.74
0.12,1.02,0.32,15.63,29.33,6.46
0.12,1.02,0.34,14.31,29.2,7.4
0.12,1.04,0.34,13.36,28.89,8.47
0.12,1.01,0.34,11.82,28.7,9.18
0.11,1.02,0.33,10.08,28.33,10.06
0.12,1.01,0.35,7.99,27.7,10.69
0.11,0.99,0.31,7.66,28.96,11.03
0.11,1.0,0.33,7.08,28.49,11.92
0.11,1.0,0.35,6.63,28.5,12.27
0.11,0.99,0.35,7.05,29.11,12.16
0.1,0.99,0.36,7.61,28.39,12.17
0.1,0.97,0.38,8.1,27.96,11.41
0.1,0.96,0.38,8.8,26.99,10.76
0.09,0.97,0.39,9.85,26.0,10.28
0.1,0.96,0.4,11.01,24.79,9.66
0.09,0.96,0.4,12.5,23.51,8.44
0.09,0.97,0.4,14.05,21.73,7.73
0.1,0.97,0.41,14.87,20.05,7.11
0.09,0.96,0.41,14.92,18.3,5.85
0.09,0.97,0.41,14.29,16.47,4.39
0.1,0.97,0.41,13.27,15.2,3.17
0.1,0.98,0.39,12.45,14.11,2.4
0.11,0.98,0.39,11.08,13.66,1.51
0.1,0.98,0.34,10.92,14.6,0.93
0.11,0.99,0.36,10.4,13.69,1.22
0.12,1.0,0.39,8.95,13.82,1.69
0.13,1.0,0.36,7.8,13.81,2.5
0.13,1.0,0.37,7.41,13.95,3.14
0.13,0.99,0.35,7.32,13.89,3.85
0.13,0.98,0.35,7.83,14.21,4.43
0.14,0.98,0.34,8.64,14.58,4.84
0.14,0.98,0.34,8.92,15.92,5.06
0.14,0.98,0.32,9.88,17.56,5.01
0.14,0.97,0.31,10.57,19.2,4.76
0.13,0.96,0.31,12.11,20.55,4.05
0.12,0.96,0.29,13.35,21.72,3.05
0.12,0.97,0.31,14.52,22.77,2.15
0.12,0.97,0.33,15.54,23.75,1.93
0.11,0.98,0.34,16.28,23.78,1.75
0.1,0.98,0.36,16.43,23.47,1.08
0.1,0.98,0.37,15.72,22.24,0.31
0.07,0.97,0.36,15.88,21.66,-1.14
0.09,0.98,0.37,15.67,19.53,-1.29
0.1,0.99,0.42,14.73,17.11,-1.59
0.09,0.98,0.41,13.61,15.5,-2.53
0.08,0.97,0.4,12.72,13.4,-3.37
0.07,0.98,0.41,11.62,11.01,-3.76
0.08,0.99,0.41,11.12,8.64,-4.07
0.08,1.0,0.41,10.01,6.55,-3.88
0.08,1.0,0.4,9.11,4.54,-3.99
0.09,0.99,0.41,7.62,2.85,-4.36
0.09,1.0,0.4,6.18,1.28,-4.77
0.09,0.99,0.4,4.63,0.0,-5.51
0.1,0.99,0.39,3.24,-0.53,-5.92
0.11,1.0,0.37,1.92,-0.87,-6.08
0.11,1.01,0.36,0.95,-1.27,-5.85
0.11,1.01,0.35,-0.08,-1.13,-6.03
0.11,1.01,0.35,-0.92,-1.51,-6.2
0.11,1.01,0.35,-1.76,-1.27,-6.15
0.12,1.01,0.34,-2.64,-0.68,-5.98
0.12,1.0,0.34,-2.9,0.15,-6.01
0.12,1.0,0.34,-2.71,0.79,-5.65
0.11,1.0,0.35,-2.6,1.61,-5.85
0.11,1.0,0.34,-2.34,2.39,-5.6
0.12,1.01,0.34,-2.27,3.34,-4.92
0.12,1.01,0.34,-1.89,4.26,-3.98
0.13,1.02,0.34,-1.34,5.11,-2.98
0.13,1.01,0.34,-0.59,6.4,-1.98
0.11,1.01,0.35,0.19,6.93,-1.28
0.11,1.0,0.36,0.71,7.14,-0.58
0.1,1.01,0.37,0.91,7.1,-0.31
0.1,1.0,0.37,0.92,6.9,-0.21
0.1,1.0,0.38,0.85,6.62,-0.2
0.11,1.0,0.39,0.79,6.18,-0.59
0.1,0.99,0.39,0.99,5.73,-0.63
0.1,0.99,0.4,1.08,4.7,-0.84
0.1,0.98,0.4,1.12,3.95,-0.98
0.1,0.99,0.4,1.36,3.47,-1.58
0.1,0.98,0.4,1.85,2.55,-2.18
0.09,0.98,0.39,2.15,2.03,-2.98
0.1,0.98,0.38,2.82,1.44,-3.45
0.09,0.98,0.38,3.21,0.6,-4.48
0.1,0.98,0.39,3.46,-0.03,-5.08
0.1,0.99,0.38,4.15,-0.58,-5.91
0.1,0.98,0.37,4.34,-0.86,-6.4
0.1,0.98,0.36,5.19,-0.97,-6.82
0.1,0.99,0.37,6.02,-0.94,-6.54
0.1,1.0,0.36,6.36,-1.0,-6.05
0.12,1.01,0.36,6.38,-0.65,-5.18
0.12,1.02,0.36,6.04,-0.38,-4.15
0.12,1.02,0.36,5.24,-0.18,-3.55
0.12,1.01,0.35,3.97,0.15,-2.86
0.12,1.01,0.36,2.85,0.16,-2.82
0.12,1.0,0.36,1.48,0.24,-2.52
0.11,0.99,0.36,0.43,0.04,-2.77
0.12,0.98,0.35,0.06,0.34,-2.9
0.1,0.97,0.36,-0.18,0.06,-3.29
0.11,0.97,0.34,0.05,0.08,-3.08
0.12,0.98,0.34,-0.11,-0.02,-2.88
0.12,0.98,0.35,-0.48,-0.06,-2.32
0.11,0.99,0.35,-1.37,-0.06,-2.19
0.11,0.99,0.35,-2.39,-0.19,-2.21
0.1,0.98,0.36,-3.09,-0.47,-2.56
0.1,0.98,0.36,-3.8,-1.16,-2.77
0.1,0.97,0.36,-4.13,-1.53,-3.15
0.1,0.97,0.36,-4.28,-1.91,-3.84
0.09,0.96,0.36,-4.28,-2.55,-4.29
0.09,0.96,0.36,-4.24,-3.26,-4.86
0.09,0.96,0.36,-3.85,-3.5,-4.99
0.11,0.97,0.35,-3.12,-3.54,-4.77
0.11,0.97,0.33,-2.53,-3.31,-4.66
0.11,0.97,0.33,-1.78,-2.99,-4.66
0.12,0.98,0.33,-1.48,-1.86,-4.38
0.1,0.98,0.33,-1.65,-1.21,-4.63
0.1,0.98,0.34,-2.34,-0.5,-4.9
0.1,0.98,0.35,-2.92,0.08,-5.07
0.1,0.98,0.35,-3.31,0.34,-5.42
0.09,0.98,0.35,-3.82,0.26,-5.6
0.1,0.97,0.36,-4.0,-0.5,-5.99
0.1,0.98,0.37,-4.63,-0.53,-6.17
0.1,0.98,0.37,-4.37,-0.53,-5.98
0.09,0.98,0.36,-4.44,-0.31,-6.16
0.1,0.97,0.34,-3.63,-0.11,-6.04
0.1,0.97,0.34,-2.73,0.55,-5.6
0.1,0.98,0.34,-2.15,1.12,-5.6
0.1,0.98,0.34,-1.76,1.98,-5.31
0.1,0.98,0.34,-1.95,2.95,-5.66
0.09,0.97,0.34,-2.06,3.4,-5.92
0.1,0.97,0.33,-1.85,3.85,-6.38
0.1,0.97,0.34,-1.63,4.0,-6.68
0.1,0.97,0.35,-1.47,4.32,-6.91
0.09,0.98,0.36,-1.42,4.31,-6.76
0.08,0.98,0.37,-1.31,3.84,-6.57
0.09,0.99,0.36,-1.25,3.44,-5.33
0.1,1.0,0.36,-1.02,2.78,-4.28
0.1,0.99,0.37,-1.31,2.35,-3.26
0.1,0.99,0.37,-1.14,1.92,-2.67
0.1,0.99,0.36,-1.12,1.55,-2.23
0.09,0.98,0.36,-1.04,1.2,-2.13
0.08,0.98,0.37,-1.31,0.92,-2.37
0.09,0.98,0.37,-1.98,0.13,-2.82
0.09,0.97,0.37,-2.92,-0.4,-3.56
0.08,0.97,0.37,-3.67,-0.95,-4.02
0.09,0.97,0.37,-4.0,-1.41,-4.37
0.09,0.97,0.38,-4.2,-1.8,-4.56
0.1,0.98,0.36,-3.82,-1.86,-4.25
0.1,0.99,0.36,-3.44,-1.84,-3.58
0.1,0.99,0.35,-2.87,-1.69,-2.95
0.1,0.99,0.35,-2.95,-1.24,-2.36
0.1,0.99,0.33,-2.52,-0.87,-1.92
0.1,0.98,0.33,-2.7,-0.08,-1.64
0.1,0.97,0.33,-2.76,0.71,-1.82
0.09,0.97,0.32,-2.66,1.24,-2.41
0.09,0.98,0.33,-2.51,2.03,-3.37
0.09,0.98,0.34,-2.79,2.21,-3.67
0.08,0.98,0.35,-2.85,2.2,-4.15
0.08,0.98,0.35,-2.96,2.08,-4.35
0.08,0.99,0.36,-3.01,1.54,-4.6
0.08,1.0,0.36,-3.03,1.15,-4.23
0.07,1.01,0.37,-3.47,0.95,-3.82
0.08,1.01,0.36,-3.85,0.83,-3.44
0.08,1.01,0.36,-4.48,0.28,-2.75
0.09,1.01,0.37,-5.12,0.37,-2.17
0.09,1.01,0.37,-5.47,0.34,-1.76
0.09,1.01,0.35,-5.69,0.28,-1.5
0.09,1.0,0.35,-6.31,0.28,-1.43
0.09,0.99,0.36,-6.23,0.27,-1.5
0.09,1.0,0.36,-6.21,0.47,-1.67
0.07,1.0,0.37,-6.56,0.11,-1.5
0.09,1.0,0.37,-6.37,0.08,-1.26
0.09,1.0,0.37,-6.4,-0.15,-0.78
0.08,1.0,0.38,-6.52,-0.65,-0.63
0.08,1.0,0.38,-6.63,-0.82,-0.02
0.09,1.0,0.38,-6.63,-1.54,0.22
0.08,0.99,0.37,-6.74,-1.64,0.25
0.09,0.99,0.38,-6.47,-1.93,0.29
0.09,0.98,0.35,-6.18,-2.17,-0.06
0.08,0.97,0.37,-5.76,-2.38,-0.36
0.09,0.98,0.36,-4.87,-2.11,-0.6
0.09,0.98,0.35,-3.92,-2.14,-0.47
0.08,0.98,0.36,-2.96,-1.82,-0.08
0.09,0.99,0.35,-1.66,-1.71,0.58
0.09,1.0,0.35,-0.61,-2.11,1.24
0.09,0.99,0.36,0.08,-2.08,1.32
0.09,0.98,0.37,0.51,-2.44,1.53
0.09,0.97,0.35,1.16,-2.34,1.41
0.08,0.98,0.36,1.67,-2.6,0.98
0.08,0.97,0.34,1.99,-2.52,0.53
0.08,0.97,0.36,2.79,-2.29,-0.23
0.08,0.96,0.35,2.86,-2.0,-0.92
0.09,0.98,0.35,2.73,-1.29,-1.3
